1,281 Armistice Drive,Springfield,IL,62718
2,27 Jenifer Circle,El Paso,TX,79916
3,348 Trailsway Plaza,Battle Creek,MI,49018
4,28 Moose Trail,Youngstown,OH,44505
5,05 Beilfuss Hill,York,PA,17405
6,5743 Vernon Street,Lincoln,NE,68517
7,54 Hintze Hill,Houston,TX,77090
8,18 Stuart Circle,Washington,DC,20029
9,7 4th Junction,Eugene,OR,97405
10,009 Gulseth Pass,Canton,OH,44720
11,49 Loeprich Parkway,El Paso,TX,88530
12,334 Sunbrook Alley,Wilmington,DE,19897
13,200 Straubel Crossing,Eugene,OR,97405
14,194 Burning Wood Circle,Saint Petersburg,FL,33731
15,6874 Dennis Street,Silver Spring,MD,20904
16,8 Montana Hill,El Paso,TX,79940
17,18998 Lerdahl Avenue,Waco,TX,76796
18,519 Prairie Rose Court,Youngstown,OH,44511
19,06 Mccormick Avenue,Chicago,IL,60609
20,65300 Homewood Lane,Waco,TX,76705
21,6 Cambridge Way,Gainesville,FL,32610
22,20 Messerschmidt Park,Pensacola,FL,32520
23,9 Pepper Wood Street,Lansing,MI,48901
24,6860 Shopko Circle,Greensboro,NC,27404
25,8832 Mosinee Avenue,Pittsburgh,PA,15230
26,90 Bowman Junction,Lima,OH,45807
27,45044 Merchant Point,Fayetteville,NC,28314
28,274 Vera Street,Las Vegas,NV,89130
29,43595 Bluejay Court,Las Vegas,NV,89150
30,0742 Cardinal Street,Waco,TX,76711
31,550 Meadow Ridge Hill,Charlotte,NC,28256
32,4 Truax Court,Grand Rapids,MI,49544
33,681 Canary Hill,Bradenton,FL,34282
34,2 Lyons Way,Toledo,OH,43699
35,30982 Meadow Ridge Road,Washington,DC,20210
36,459 Dixon Park,Shawnee Mission,KS,66215
37,09 Hansons Lane,Chesapeake,VA,23324
38,64 Atwood Alley,Saint Paul,MN,55146
39,7204 Scott Drive,Fort Wayne,IN,46852
40,6443 Everett Way,Atlanta,GA,31119
41,3 Everett Terrace,Salt Lake City,UT,84120
42,38 Charing Cross Street,Washington,DC,20599
43,4024 Sugar Crossing,Tampa,FL,33686
44,9564 Eastwood Alley,Harrisburg,PA,17140
45,275 6th Point,Madison,WI,53705
46,7811 Mallory Center,Austin,TX,78749
47,72629 Claremont Hill,Reno,NV,89510
48,0 High Crossing Street,Wilkes Barre,PA,18768
49,6538 Village Place,Minneapolis,MN,55487
50,18211 Warrior Terrace,Toledo,OH,43699
51,13 Blackbird Plaza,Moreno Valley,CA,92555
52,7132 Onsgard Park,Albuquerque,NM,87140
53,220 Heffernan Street,Gadsden,AL,35905
54,718 Arkansas Park,Corpus Christi,TX,78465
55,22690 Parkside Pass,Inglewood,CA,90310
56,8 Clarendon Court,Nashville,TN,37240
57,246 Sutteridge Junction,Decatur,GA,30089
58,3 Chinook Drive,Saint Louis,MO,63167
59,30096 Fieldstone Park,Saint Louis,MO,63158
60,0 Rowland Place,Oklahoma City,OK,73157
61,612 Buena Vista Alley,Hartford,CT,06160
62,119 Monterey Court,Houston,TX,77266
63,0 Oakridge Parkway,Salem,OR,97312
64,681 Roxbury Circle,Newark,NJ,07104
65,614 Meadow Vale Plaza,Wilkes Barre,PA,18763
66,00 Bonner Court,Philadelphia,PA,19184
67,86385 Hudson Point,Mesa,AZ,85210
68,54 Memorial Park,Miami,FL,33233
69,27 Ruskin Center,Port Washington,NY,11054
70,443 Stoughton Hill,Rochester,NY,14609
71,3703 Delladonna Avenue,Chicago,IL,60652
72,98553 Northview Alley,Columbus,GA,31904
73,6681 Hanover Road,Jamaica,NY,11447
74,94702 Farragut Street,Detroit,MI,48275
75,6 Rigney Street,Saint Louis,MO,63196
76,9460 Vermont Point,Corona,CA,92878
77,2825 Little Fleur Crossing,Saint Petersburg,FL,33731
78,867 Park Meadow Place,Birmingham,AL,35295
79,4905 Delaware Alley,Wichita,KS,67205
80,02912 Red Cloud Hill,Houston,TX,77015
81,7 Bunker Hill Junction,Orlando,FL,32825
82,270 Starling Street,Stockton,CA,95219
83,1 Maryland Junction,Raleigh,NC,27605
84,3 5th Street,Harrisburg,PA,17105
85,751 Schmedeman Drive,El Paso,TX,79923
86,24848 Dovetail Alley,Pittsburgh,PA,15210
87,94 Kingsford Center,Lakewood,WA,98498
88,4155 Dunning Parkway,Peoria,IL,61605
89,04 Gina Center,Fort Smith,AR,72905
90,06575 Macpherson Drive,Kansas City,MO,64160
91,477 Mallard Trail,Beaumont,TX,77705
92,529 Sutherland Street,Mobile,AL,36616
93,17 Gerald Street,Minneapolis,MN,55470
94,0693 Morningstar Street,Salt Lake City,UT,84125
95,66 Merchant Crossing,Norcross,GA,30092
96,66 Granby Hill,Richmond,VA,23289
97,6802 Memorial Terrace,Terre Haute,IN,47812
98,1924 Fisk Junction,Spring,TX,77388
99,6594 Lakewood Lane,Birmingham,AL,35254
100,8042 Center Trail,West Palm Beach,FL,33411
101,86853 Surrey Way,Spokane,WA,99220
102,27 Basil Point,North Hollywood,CA,91606
103,678 Southridge Trail,Grand Rapids,MI,49505
104,946 4th Trail,Fullerton,CA,92640
105,0 Vahlen Plaza,Chicago,IL,60657
106,24945 Pepper Wood Parkway,New Orleans,LA,70165
107,5778 Shopko Parkway,Portland,OR,97206
108,5123 Iowa Park,Mobile,AL,36616
109,84 Charing Cross Park,Austin,TX,78703
110,71194 Truax Avenue,Waterbury,CT,06726
111,6 Moland Plaza,Houston,TX,77281
112,0 Red Cloud Center,Watertown,MA,02472
113,10 Debra Point,Reading,PA,19605
114,15 Farwell Point,Pocatello,ID,83206
115,8259 Reindahl Trail,Pompano Beach,FL,33064
116,417 Ramsey Crossing,Detroit,MI,48295
117,8666 Grayhawk Pass,Fort Worth,TX,76192
118,7 Fordem Parkway,Fresno,CA,93762
119,18253 Kensington Way,Boca Raton,FL,33487
120,4 Chive Junction,Bakersfield,CA,93311
121,3627 Thackeray Court,Sioux Falls,SD,57110
122,5 Pawling Junction,Minneapolis,MN,55446
123,56213 Brentwood Alley,Los Angeles,CA,90087
124,05793 Mifflin Street,Chicago,IL,60630
125,1225 Eggendart Court,Boulder,CO,80305
126,1 Sachs Parkway,San Antonio,TX,78278
127,23651 Kenwood Circle,Richmond,VA,23293
128,75142 Sycamore Avenue,Delray Beach,FL,33448
129,9663 Brown Alley,Frederick,MD,21705
130,2251 Golden Leaf Avenue,Silver Spring,MD,20918
131,66 Burrows Crossing,Springfield,MA,01129
132,57934 Village Alley,Kansas City,MO,64136
133,7342 Rusk Hill,Shawnee Mission,KS,66276
134,72 Beilfuss Hill,Palm Bay,FL,32909
135,4 Darwin Parkway,North Las Vegas,NV,89087
136,1 Holmberg Road,Sacramento,CA,94245
137,988 Leroy Trail,Boston,MA,02114
138,4 Parkside Pass,Charlotte,NC,28215
139,88773 Nova Plaza,Bryan,TX,77806
140,02 Pawling Circle,Salt Lake City,UT,84120
141,26231 Becker Place,White Plains,NY,10606
142,9622 Emmet Trail,Hartford,CT,06160
143,27 Eagan Circle,Scottsdale,AZ,85260
144,7 Loomis Hill,Bethlehem,PA,18018
145,436 Kingsford Terrace,Tempe,AZ,85284
146,1 Towne Way,Springfield,IL,62711
147,49058 Sunfield Lane,Washington,DC,20051
148,8 Ridgeview Street,Jackson,MS,39236
149,4 Dakota Lane,Winston Salem,NC,27157
150,29 Twin Pines Crossing,Atlanta,GA,30340
151,457 International Lane,Columbus,OH,43220
152,9241 Hooker Alley,Beaumont,TX,77705
153,48 Killdeer Point,Billings,MT,59105
154,52674 Meadow Vale Terrace,Pensacola,FL,32526
155,3 Thackeray Trail,Greensboro,NC,27415
156,6665 Saint Paul Road,Omaha,NE,68134
157,92 Glendale Road,Buffalo,NY,14205
158,1 Village Center,San Diego,CA,92137
159,4 Emmet Lane,Sacramento,CA,95813
160,0 Transport Court,Nashville,TN,37245
161,04852 Crowley Avenue,Houston,TX,77206
162,72 Lighthouse Bay Crossing,Oklahoma City,OK,73152
163,67 Sunbrook Terrace,Fargo,ND,58106
164,5 Sutherland Way,Everett,WA,98206
165,1847 Quincy Street,San Diego,CA,92115
166,938 Welch Parkway,Fort Wayne,IN,46896
167,4 Hoard Road,Waterloo,IA,50706
168,4 Messerschmidt Avenue,Milwaukee,WI,53263
169,8656 Loftsgordon Trail,Chattanooga,TN,37450
170,574 Center Circle,Pensacola,FL,32590
171,63959 Elmside Parkway,Dallas,TX,75241
172,466 Sundown Drive,San Antonio,TX,78278
173,18649 Derek Plaza,Cincinnati,OH,45249
174,336 Goodland Parkway,Durham,NC,27710
175,311 Division Terrace,Denver,CO,80291
176,80254 Mayer Point,Duluth,GA,30195
177,7 Fieldstone Lane,Irvine,CA,92612
178,77941 Homewood Court,Memphis,TN,38131
179,174 Crest Line Terrace,South Bend,IN,46614
180,71692 Lillian Point,New York City,NY,10155
181,9746 Alpine Alley,Albuquerque,NM,87180
182,1059 Delaware Place,Newport Beach,CA,92662
183,571 Shasta Alley,London,KY,40745
184,71531 Prairieview Road,Hyattsville,MD,20784
185,2 Burning Wood Circle,Greensboro,NC,27404
186,8273 Roxbury Hill,Toledo,OH,43656
187,2 Milwaukee Point,Grand Rapids,MI,49544
188,5 Cardinal Hill,Los Angeles,CA,90094
189,121 Bunker Hill Trail,Oklahoma City,OK,73109
190,00 Di Loreto Point,Denver,CO,80235
191,3210 Upham Trail,Greenville,SC,29605
192,68 Red Cloud Park,Odessa,TX,79769
193,97 Hagan Junction,Greenville,SC,29610
194,0 Twin Pines Court,Toledo,OH,43605
195,1 Lerdahl Parkway,Grand Rapids,MI,49505
196,71 Ridge Oak Drive,Norwalk,CT,06854
197,5 Hoffman Point,Charleston,WV,25326
198,54 Kinsman Place,Washington,DC,20540
199,59243 Waubesa Plaza,Washington,DC,20414
200,03087 Mandrake Crossing,Trenton,NJ,08619
201,8421 6th Court,Minneapolis,MN,55423
202,2 Mallard Road,Topeka,KS,66667
203,6 Jackson Hill,San Diego,CA,92153
204,5 Victoria Park,Washington,DC,20530
205,2 Vernon Circle,Fort Wayne,IN,46805
206,3 Melby Place,San Diego,CA,92121
207,398 Milwaukee Way,Chattanooga,TN,37450
208,41648 Myrtle Lane,New Orleans,LA,70165
209,39183 Eastwood Center,Peoria,IL,61605
210,29 Division Way,Denver,CO,80255
211,850 Goodland Road,Los Angeles,CA,90030
212,70424 Sutteridge Plaza,Melbourne,FL,32919
213,8 Autumn Leaf Avenue,Phoenix,AZ,85010
214,5 Manley Park,Daytona Beach,FL,32123
215,29 Gina Pass,Tacoma,WA,98464
216,785 Pierstorff Avenue,Albuquerque,NM,87121
217,9 Grasskamp Junction,Roanoke,VA,24048
218,67 Forest Street,Winston Salem,NC,27105
219,5 Jenna Park,Austin,TX,78764
220,33 Loomis Pass,Chicago,IL,60609
221,4413 Maple Wood Road,Philadelphia,PA,19184
222,6696 South Crossing,Conroe,TX,77305
223,55672 Daystar Avenue,Whittier,CA,90610
224,08 Truax Point,San Jose,CA,95118
225,0 Onsgard Place,New Orleans,LA,70183
226,01867 Montana Avenue,Houston,TX,77240
227,14 Blackbird Court,Buffalo,NY,14263
228,6 Goodland Parkway,Everett,WA,98206
229,3 Elka Circle,Fort Lauderdale,FL,33310
230,77309 Towne Parkway,Norfolk,VA,23514
231,0 Dryden Hill,Alpharetta,GA,30022
232,60708 Arrowood Hill,Albany,NY,12232
233,079 Brickson Park Road,New York City,NY,10024
234,0 Northfield Drive,Reno,NV,89550
235,21502 Riverside Place,Texarkana,TX,75507
236,66659 Grim Center,Chattanooga,TN,37450
237,37419 Graedel Pass,Duluth,MN,55805
238,14670 Old Gate Road,Oklahoma City,OK,73114
239,24891 5th Street,North Little Rock,AR,72199
240,39 Morningstar Plaza,Brooklyn,NY,11220
241,4 Hermina Point,Dallas,TX,75397
242,9318 Hallows Point,Colorado Springs,CO,80951
243,963 Loomis Point,Montgomery,AL,36195
244,267 Jenifer Street,Denver,CO,80241
245,75485 Buhler Way,San Francisco,CA,94164
246,26 Holmberg Way,Columbus,MS,39705
247,900 Autumn Leaf Street,Waco,TX,76711
248,351 6th Place,El Paso,TX,79977
249,4007 Vera Crossing,Santa Fe,NM,87592
250,223 Chive Way,Des Moines,IA,50310
251,4638 Doe Crossing Street,New York City,NY,10060
252,5 Havey Place,El Paso,TX,79999
253,48 Bowman Pass,Bloomington,IL,61709
254,88 Truax Court,Nashville,TN,37245
255,09 Bunting Court,Oklahoma City,OK,73179
256,70 Moose Circle,Honolulu,HI,96805
257,2072 Dixon Pass,Atlanta,GA,31190
258,5 Stephen Way,Des Moines,IA,50369
259,4 Porter Hill,Omaha,NE,68179
260,14 Merchant Parkway,Austin,TX,78721
261,346 Gina Drive,Pinellas Park,FL,34665
262,25 Katie Center,Mobile,AL,36628
263,65582 Fremont Center,Aiken,SC,29805
264,0311 Michigan Crossing,Omaha,NE,68105
265,9 Wayridge Place,Milwaukee,WI,53234
266,22555 Anthes Avenue,Waterbury,CT,06705
267,9 Rutledge Trail,Houston,TX,77025
268,33 Spaight Crossing,Dallas,TX,75372
269,65 Mendota Hill,Charlotte,NC,28205
270,9053 Ridgeway Parkway,Chicago,IL,60669
271,54089 Hoepker Road,Levittown,PA,19058
272,0730 Lakewood Trail,Nashville,TN,37235
273,7 Larry Junction,Charleston,WV,25389
274,1254 Cardinal Place,Los Angeles,CA,90087
275,0450 Clove Avenue,Madison,WI,53785
276,35874 Raven Alley,Atlanta,GA,30340
277,61534 Manley Place,Decatur,GA,30089
278,48 Forest Alley,Santa Cruz,CA,95064
279,255 Basil Place,Minneapolis,MN,55480
280,9 Hooker Point,Tacoma,WA,98417
281,39357 Graceland Terrace,Pittsburgh,PA,15230
282,62 Vermont Circle,Salt Lake City,UT,84189
283,0 Montana Court,North Las Vegas,NV,89087
284,88 Northview Center,Saint Paul,MN,55188
285,41637 Emmet Point,Charleston,WV,25331
286,45268 Dayton Terrace,Portland,OR,97255
287,70844 Hoffman Place,Topeka,KS,66611
288,56 Prairie Rose Lane,Birmingham,AL,35220
289,97 Armistice Court,Saint Augustine,FL,32092
290,51 Troy Center,Hyattsville,MD,20784
291,89364 Warrior Lane,Oakland,CA,94616
292,4966 Pond Terrace,Baton Rouge,LA,70883
293,483 Montana Lane,Suffolk,VA,23436
294,9858 Namekagon Trail,Fort Worth,TX,76198
295,71907 Main Plaza,Mobile,AL,36605
296,1025 Ridgeview Road,Burbank,CA,91505
297,90 Vidon Plaza,Salt Lake City,UT,84130
298,39 Goodland Place,Baltimore,MD,21239
299,377 Paget Road,New York City,NY,10175
300,3410 Merry Place,Jersey City,NJ,07310
301,6653 Derek Terrace,Reno,NV,89519
302,26 Roth Drive,Asheville,NC,28815
303,8197 Maple Park,Bellevue,WA,98008
304,73 Parkside Way,Amarillo,TX,79182
305,51619 Stuart Way,Anchorage,AK,99599
306,6591 Bowman Drive,San Diego,CA,92160
307,01973 Rieder Place,Memphis,TN,38188
308,416 Buena Vista Terrace,Garland,TX,75044
309,075 Scoville Plaza,Omaha,NE,68164
310,2816 Pankratz Alley,Roanoke,VA,24020
311,0 Eggendart Crossing,Midland,TX,79705
312,52 Corscot Point,Anaheim,CA,92812
313,81863 Fulton Circle,Mobile,AL,36641
314,67342 Montana Park,New York City,NY,10019
315,37176 Troy Way,Mobile,AL,36605
316,07997 Spaight Road,Los Angeles,CA,90020
317,830 Kipling Center,El Paso,TX,88584
318,49983 Mitchell Court,Austin,TX,78754
319,97017 Meadow Vale Place,New Orleans,LA,70183
320,95 Lillian Street,Knoxville,TN,37924
321,43732 Bellgrove Street,San Diego,CA,92115
322,119 Dunning Pass,Birmingham,AL,35231
323,34874 Sommers Street,El Paso,TX,79923
324,0196 West Place,Cincinnati,OH,45999
325,14137 Hanson Place,Santa Barbara,CA,93106
326,9 Corscot Circle,Shawnee Mission,KS,66215
327,81007 Menomonie Circle,Portland,OR,97255
328,9292 Loomis Alley,Seattle,WA,98140
329,48528 Rockefeller Drive,Miami,FL,33147
330,25940 Scofield Place,New York City,NY,10090
331,03 Lukken Center,Richmond,VA,23208
332,1 Briar Crest Way,Carlsbad,CA,92013
333,98 Judy Crossing,Cedar Rapids,IA,52405
334,129 Muir Center,Brooklyn,NY,11236
335,075 Monument Avenue,Atlanta,GA,31196
336,39665 Graedel Center,Huntsville,AL,35815
337,3 Oak Place,Richmond,VA,23277
338,7386 Hoepker Terrace,Nashville,TN,37210
339,6194 Mendota Point,Baton Rouge,LA,70836
340,2270 Farwell Avenue,Fort Wayne,IN,46857
341,2 Dorton Alley,Columbia,SC,29220
342,83042 Morrow Plaza,Santa Ana,CA,92705
343,1010 Hagan Park,Duluth,GA,30096
344,42 Northridge Way,Orlando,FL,32808
345,9058 Bluestem Lane,Harrisburg,PA,17121
346,987 Bartelt Plaza,New Orleans,LA,70154
347,9 Arrowood Park,Hot Springs National Park,AR,71914
348,0 Blue Bill Park Drive,Little Rock,AR,72204
349,5980 Gulseth Center,Birmingham,AL,35279
350,151 Cherokee Point,Falls Church,VA,22047
351,399 Elmside Street,Edmond,OK,73034
352,4662 Londonderry Crossing,El Paso,TX,79950
353,337 Jana Drive,Miami,FL,33261
354,07577 Sundown Terrace,New Haven,CT,06510
355,36 Memorial Park,Staten Island,NY,10310
356,53189 Westridge Point,Nashville,TN,37240
357,4 Westend Center,Garden Grove,CA,92645
358,9421 Boyd Way,Atlanta,GA,30358
359,4933 Buell Court,Lynn,MA,01905
360,805 Hauk Avenue,Springfield,MO,65805
361,96 Transport Way,Saint Louis,MO,63104
362,81780 Bunker Hill Junction,Zephyrhills,FL,33543
363,7 Sunnyside Court,Las Vegas,NV,89105
364,4 Maryland Circle,Fort Wayne,IN,46862
365,128 Sheridan Way,Lafayette,IN,47905
366,7 Granby Crossing,Salinas,CA,93907
367,36055 Russell Road,Phoenix,AZ,85077
368,68193 Village Drive,Elizabeth,NJ,07208
369,14 Prairie Rose Center,Des Moines,IA,50315
370,18023 Elka Court,San Francisco,CA,94110
371,2204 Jana Street,Montgomery,AL,36109
372,233 Lukken Way,Boynton Beach,FL,33436
373,04 Pennsylvania Avenue,Daytona Beach,FL,32123
374,1374 Muir Place,Memphis,TN,38188
375,8 Orin Center,Ashburn,VA,22093
376,44 Debra Terrace,Philadelphia,PA,19109
377,9 Oneill Way,Racine,WI,53405
378,1 Esch Street,Fort Lauderdale,FL,33315
379,19 Village Court,New York City,NY,10270
380,24 Tomscot Road,San Diego,CA,92196
381,96968 Bayside Drive,Chicago,IL,60657
382,901 Buhler Park,Madison,WI,53705
383,7933 Thompson Pass,Dallas,TX,75379
384,2750 Spenser Junction,Bakersfield,CA,93311
385,3 Crownhardt Trail,Tallahassee,FL,32309
386,595 Pond Lane,Saint Louis,MO,63126
387,1 Karstens Point,Honolulu,HI,96810
388,214 Banding Way,Jamaica,NY,11436
389,12 Fisk Center,Buffalo,NY,14210
390,8164 Fisk Circle,El Paso,TX,79955
391,9 East Hill,Dallas,TX,75387
392,3760 Merchant Pass,South Bend,IN,46699
393,1595 Kennedy Alley,Roanoke,VA,24034
394,14 Blue Bill Park Point,Fort Wayne,IN,46805
395,2644 Everett Junction,San Jose,CA,95133
396,814 Arrowood Crossing,Houston,TX,77060
397,608 Hanson Avenue,Aurora,CO,80015
398,05083 Harbort Street,Boston,MA,02216
399,65 School Park,Odessa,TX,79764
400,841 David Court,Boise,ID,83727
401,88 Menomonie Drive,Colorado Springs,CO,80920
402,361 Delaware Circle,Scottsdale,AZ,85271
403,2916 Logan Lane,Billings,MT,59105
404,02378 Sullivan Court,Pittsburgh,PA,15220
405,59633 Trailsway Junction,Tulsa,OK,74108
406,09852 Roxbury Trail,Omaha,NE,68144
407,64654 Bashford Center,Cambridge,MA,02142
408,43 Hermina Drive,Dallas,TX,75342
409,637 Oxford Terrace,Richmond,VA,23285
410,3895 Leroy Junction,Dallas,TX,75342
411,8984 Dorton Junction,Missoula,MT,59806
412,65839 Forest Road,Sacramento,CA,94291
413,18 Northland Alley,Miami,FL,33147
414,76 Crest Line Place,Spokane,WA,99252
415,17506 Ruskin Road,Round Rock,TX,78682
416,4 Helena Parkway,Mesa,AZ,85215
417,496 Union Hill,Miami,FL,33175
418,20 Anniversary Street,Sacramento,CA,94263
419,99010 Hintze Trail,Green Bay,WI,54313
420,046 Forest Lane,Oklahoma City,OK,73104
421,07 Esker Terrace,Dayton,OH,45419
422,8 Johnson Avenue,Dallas,TX,75372
423,1946 Carey Pass,Portland,OR,97229
424,6496 Lawn Street,Fort Wayne,IN,46862
425,0547 Jenifer Street,Springfield,VA,22156
426,0378 Service Junction,Phoenix,AZ,85035
427,34 John Wall Point,San Angelo,TX,76905
428,4802 Browning Terrace,New Orleans,LA,70142
429,77 Crescent Oaks Place,Montgomery,AL,36114
430,05188 Blaine Junction,Washington,DC,20508
431,17 Barnett Road,El Paso,TX,88525
432,7 Arkansas Drive,Richmond,VA,23237
433,03 Hallows Lane,Salt Lake City,UT,84189
434,97 Everett Lane,Tallahassee,FL,32304
435,91 Jackson Place,Littleton,CO,80126
436,27742 Brickson Park Terrace,San Bernardino,CA,92405
437,282 Hoard Court,Chicago,IL,60686
438,6 Jana Terrace,San Diego,CA,92121
439,4 Fordem Trail,Memphis,TN,38150
440,02 Lerdahl Junction,Jackson,MS,39282
441,70 Kipling Avenue,Memphis,TN,38181
442,6312 Goodland Alley,El Paso,TX,88525
443,4735 Amoth Plaza,Aurora,IL,60505
444,3 Paget Point,New York City,NY,10280
445,9 Amoth Parkway,San Antonio,TX,78265
446,32 Carey Center,Washington,DC,20557
447,165 Lukken Point,Las Vegas,NV,89150
448,391 Macpherson Way,Santa Barbara,CA,93106
449,8 Morrow Court,New York City,NY,10024
450,29596 Northview Junction,Saint Louis,MO,63116
451,1435 Vahlen Circle,New York City,NY,10115
452,951 Logan Drive,Erie,PA,16522
453,6 Harbort Plaza,High Point,NC,27264
454,0 Dwight Center,Charleston,WV,25356
455,5 Service Circle,Fairfax,VA,22036
456,519 Tony Street,Boise,ID,83705
457,112 Graedel Trail,Norcross,GA,30092
458,10948 Dunning Street,Houston,TX,77025
459,505 Petterle Avenue,Fargo,ND,58106
460,39883 Lakewood Street,Pensacola,FL,32590
461,796 Anderson Terrace,Peoria,IL,61640
462,245 Linden Junction,Seattle,WA,98195
463,03 Gina Junction,Dallas,TX,75221
464,7 Arizona Court,Oakland,CA,94605
465,43 Becker Drive,Santa Ana,CA,92725
466,402 Golf Trail,Fort Worth,TX,76178
467,1491 Raven Center,Orlando,FL,32868
468,80459 Ridgeway Trail,Newark,NJ,07188
469,0970 Ilene Avenue,Sterling,VA,20167
470,365 Dovetail Terrace,Richmond,VA,23260
471,523 Southridge Drive,Fairfield,CT,06825
472,9 Melvin Park,Newark,NJ,07195
473,987 Kingsford Circle,Irvine,CA,92717
474,37371 Meadow Vale Court,Laredo,TX,78044
475,15 Bellgrove Circle,Norfolk,VA,23520
476,415 Oneill Parkway,Gulfport,MS,39505
477,38 Maryland Terrace,Miami,FL,33164
478,297 Artisan Center,Long Beach,CA,90840
479,75251 Hermina Pass,Fresno,CA,93773
480,0 Anzinger Crossing,Santa Rosa,CA,95405
481,060 Oak Crossing,Baton Rouge,LA,70826
482,933 Sunfield Point,Austin,TX,78759
483,7321 Novick Center,Austin,TX,78754
484,2553 Victoria Parkway,Newark,NJ,07195
485,1537 Tomscot Parkway,Washington,DC,20551
486,494 Debs Pass,Wilkes Barre,PA,18763
487,698 Forest Dale Trail,Fort Worth,TX,76147
488,089 Schlimgen Place,Boston,MA,02208
489,5 Golden Leaf Court,Washington,DC,20470
490,208 Prairie Rose Avenue,Jacksonville,FL,32259
491,691 Sutherland Road,Washington,DC,20380
492,285 Evergreen Avenue,Waco,TX,76796
493,53083 Crescent Oaks Crossing,Lubbock,TX,79452
494,1 Quincy Plaza,Inglewood,CA,90310
495,085 Reindahl Pass,Atlanta,GA,30340
496,2104 Cambridge Way,Little Rock,AR,72204
497,69330 Shoshone Plaza,Portsmouth,NH,03804
498,2 Killdeer Park,Spring,TX,77388
499,468 Comanche Way,Wichita,KS,67215
500,126 Village Pass,Portsmouth,NH,03804
501,96591 Forest Run Crossing,Chicago,IL,60674
502,31554 Elmside Court,Huntsville,AL,35895
503,6518 5th Junction,Anniston,AL,36205
504,6722 Carey Parkway,Santa Barbara,CA,93111
505,4634 Russell Point,Staten Island,NY,10310
506,929 Arapahoe Park,Minneapolis,MN,55458
507,51 Corben Crossing,Minneapolis,MN,55402
508,0 Cottonwood Plaza,Lexington,KY,40586
509,844 Johnson Pass,Louisville,KY,40233
510,380 Vahlen Avenue,Anaheim,CA,92812
511,52435 Mariners Cove Alley,Los Angeles,CA,90081
512,3289 Vahlen Way,Lubbock,TX,79415
513,4 Kennedy Place,Birmingham,AL,35290
514,56026 Northland Plaza,Richmond,VA,23285
515,096 Darwin Park,Boston,MA,02114
516,7 Graceland Circle,Morgantown,WV,26505
517,64099 David Drive,Tulsa,OK,74103
518,5 Basil Street,Houston,TX,77065
519,45 Monterey Terrace,Buffalo,NY,14263
520,859 Corscot Trail,Columbus,OH,43268
521,9731 Sugar Street,New York City,NY,10019
522,56 Moland Lane,Evansville,IN,47747
523,826 Carberry Avenue,Portland,OR,97211
524,551 Stoughton Alley,Providence,RI,02912
525,89 Rowland Junction,Tulsa,OK,74149
526,5 Delaware Point,New York City,NY,10120
527,95 Weeping Birch Terrace,Jersey City,NJ,07310
528,18712 North Parkway,San Antonio,TX,78285
529,19321 Lotheville Street,Lubbock,TX,79415
530,63 Monument Plaza,Bronx,NY,10469
531,1627 Prairieview Alley,Washington,DC,20010
532,659 Scoville Alley,Phoenix,AZ,85015
533,617 Melody Plaza,Virginia Beach,VA,23471
534,7 Washington Avenue,Seattle,WA,98185
535,8099 Fuller Point,Dallas,TX,75251
536,4 Arkansas Junction,Sacramento,CA,94245
537,71 Di Loreto Hill,Durham,NC,27717
538,72 Bobwhite Way,Cincinnati,OH,45218
539,5173 Granby Drive,Fort Wayne,IN,46857
540,7 Ryan Avenue,Worcester,MA,01605
541,41 Jay Place,Largo,FL,34643
542,13475 Sachs Place,Washington,DC,20051
543,35 Delaware Parkway,San Diego,CA,92145
544,1731 Southridge Lane,El Paso,TX,79923
545,3639 Parkside Lane,Portland,OR,97201
546,7724 Nova Lane,Brooklyn,NY,11215
547,4 Walton Street,Washington,DC,20067
548,37 Sutherland Alley,Oklahoma City,OK,73157
549,348 Arizona Point,Vancouver,WA,98687
550,61 Summerview Hill,Omaha,NE,68164
551,74221 Alpine Parkway,Spokane,WA,99205
552,78954 Ohio Crossing,Peoria,IL,61651
553,3 Golf Course Street,Lansing,MI,48912
554,39 Express Junction,Kalamazoo,MI,49048
555,5 Oak Circle,Kalamazoo,MI,49006
556,96 Main Drive,Sioux Falls,SD,57193
557,25 Loftsgordon Pass,Denver,CO,80204
558,26 Menomonie Park,San Francisco,CA,94142
559,7755 Stuart Way,Houston,TX,77035
560,93504 Manley Terrace,Seattle,WA,98185
561,65 Lotheville Junction,Boston,MA,02124
562,422 Mockingbird Drive,Chicago,IL,60697
563,3 Oneill Place,Burbank,CA,91505
564,64594 Dryden Way,San Jose,CA,95160
565,1 Anthes Trail,Trenton,NJ,08603
566,04263 Glendale Center,Mobile,AL,36610
567,0 Buena Vista Park,Boulder,CO,80305
568,1 Porter Terrace,Tuscaloosa,AL,35405
569,25980 Donald Lane,Kansas City,MO,64125
570,32624 Summer Ridge Junction,Pensacola,FL,32505
571,2765 2nd Trail,Tampa,FL,33610
572,184 Cordelia Place,Midland,TX,79705
573,28932 Service Crossing,Stockton,CA,95205
574,921 Milwaukee Park,Las Vegas,NV,89120
575,99 Bunker Hill Parkway,Richmond,VA,23272
576,0778 Glendale Junction,Port Charlotte,FL,33954
577,79125 Arkansas Street,Wichita,KS,67220
578,682 Lukken Circle,Huntington,WV,25705
579,6242 Dahle Drive,Jamaica,NY,11407
580,9 Schlimgen Place,Omaha,NE,68144
581,040 Dexter Junction,Carlsbad,CA,92013
582,501 Division Plaza,Charlotte,NC,28220
583,647 Arkansas Plaza,Cincinnati,OH,45233
584,71334 Duke Parkway,Jacksonville,FL,32215
585,75213 Village Green Center,Salt Lake City,UT,84152
586,8 Golf Junction,Pittsburgh,PA,15279
587,9086 Sunfield Court,Houston,TX,77228
588,615 Moland Crossing,Sioux Falls,SD,57193
589,89 Surrey Court,Edmond,OK,73034
590,1052 Carpenter Junction,Orlando,FL,32825
591,5 John Wall Junction,Chicago,IL,60609
592,45 Del Sol Street,Houston,TX,77206
593,046 Erie Road,New Orleans,LA,70116
594,73 Sommers Park,Louisville,KY,40233
595,3955 East Place,Savannah,GA,31405
596,516 Barby Drive,Cincinnati,OH,45228
597,80 Surrey Point,Boise,ID,83732
598,5 Weeping Birch Point,Miami,FL,33185
599,8711 Mesta Street,Rockville,MD,20851
600,9 Clyde Gallagher Circle,Lawrenceville,GA,30045
601,883 Crest Line Center,Pensacola,FL,32590
602,10 South Plaza,Vero Beach,FL,32969
603,39 Carpenter Junction,Greensboro,NC,27415
604,7 Hovde Pass,Dayton,OH,45440
605,46799 Warbler Street,Charlotte,NC,28278
606,72 Donald Lane,Dallas,TX,75246
607,8779 Fairview Way,Saint Louis,MO,63131
608,4682 Evergreen Street,Hattiesburg,MS,39404
609,5 Brown Road,Katy,TX,77493
610,5 Rigney Center,San Diego,CA,92132
611,24 Ludington Center,Shreveport,LA,71166
612,55361 Redwing Place,Tampa,FL,33625
613,43804 Burning Wood Hill,Herndon,VA,22070
614,4909 Anderson Circle,Peoria,IL,61640
615,38463 Messerschmidt Drive,Madison,WI,53726
616,96 Heath Crossing,Kansas City,MO,64149
617,791 Pennsylvania Road,New Haven,CT,06510
618,13 Elgar Point,Mobile,AL,36641
619,163 Starling Trail,Jackson,MS,39282
620,3 Sage Hill,Fayetteville,NC,28314
621,877 David Alley,Lubbock,TX,79410
622,27 Sherman Circle,Macon,GA,31296
623,8 Hintze Junction,Los Angeles,CA,90035
624,777 6th Pass,Hartford,CT,06183
625,423 Twin Pines Court,Topeka,KS,66606
626,1140 Arkansas Drive,Charlottesville,VA,22903
627,98 Meadow Valley Terrace,Buffalo,NY,14205
628,594 Walton Point,Dayton,OH,45470
629,19837 Dawn Street,Washington,DC,20029
630,137 Carey Park,Vancouver,WA,98664
631,7446 Shopko Parkway,Columbus,OH,43284
632,28363 Esch Junction,San Francisco,CA,94105
633,3 Birchwood Lane,El Paso,TX,79989
634,10975 Forster Terrace,Waterbury,CT,06726
635,0313 Trailsway Hill,Charleston,WV,25336
636,260 Macpherson Trail,Houston,TX,77260
637,01417 Forest Run Trail,Saint Paul,MN,55114
638,576 Namekagon Parkway,New York City,NY,10160
639,9 Hallows Park,Portland,ME,04109
640,855 Corscot Crossing,San Antonio,TX,78225
641,9 Moland Hill,Springfield,IL,62723
642,47088 Oak Valley Center,Anderson,SC,29625
643,8548 Pennsylvania Road,Sacramento,CA,94230
644,934 Bartelt Junction,Saint Paul,MN,55114
645,5 Kinsman Point,Wichita Falls,TX,76305
646,7 Dixon Drive,Huntsville,AL,35805
647,99 Monument Street,Clearwater,FL,34620
648,7420 Lawn Drive,Knoxville,TN,37914
649,65226 Rowland Court,Loretto,MN,55598
650,7185 Eastlawn Avenue,New York City,NY,10165
651,81 Springs Place,El Paso,TX,88569
652,67943 Maryland Point,Fort Lauderdale,FL,33336
653,6 Nobel Point,Carlsbad,CA,92013
654,69052 Summit Alley,Vero Beach,FL,32969
655,63 Merrick Point,Peoria,IL,61614
656,96763 Ohio Plaza,Bradenton,FL,34210
657,65414 Northfield Circle,Rochester,NY,14614
658,8 Ruskin Crossing,Arlington,VA,22205
659,126 Canary Court,Saint Petersburg,FL,33742
660,7971 Forster Pass,Jackson,MS,39282
661,5 Fairview Circle,Charleston,WV,25389
662,174 Maple Wood Plaza,Macon,GA,31205
663,4 Glendale Place,Buffalo,NY,14276
664,93 Summit Park,Terre Haute,IN,47805
665,4485 Emmet Road,Huntington,WV,25716
666,583 Jenifer Lane,New York City,NY,10160
667,4432 Mcbride Lane,Shreveport,LA,71137
668,7990 Trailsway Road,Anaheim,CA,92825
669,57 Doe Crossing Trail,North Hollywood,CA,91606
670,10 Almo Park,Nashville,TN,37245
671,8 Goodland Court,Fayetteville,NC,28314
672,74897 Fulton Terrace,Memphis,TN,38150
673,4730 Kipling Alley,Richmond,CA,94807
674,371 Garrison Drive,Bronx,NY,10464
675,4871 West Court,Springfield,IL,62794
676,2 Sundown Crossing,San Mateo,CA,94405
677,328 Garrison Place,San Francisco,CA,94154
678,516 Beilfuss Circle,Buffalo,NY,14269
679,45 Gina Street,Savannah,GA,31416
680,4613 Fallview Way,Stockton,CA,95205
681,27137 Mcguire Center,Knoxville,TN,37914
682,0 Sundown Street,Oklahoma City,OK,73157
683,981 Kingsford Way,Philadelphia,PA,19125
684,11337 Golf Way,Santa Cruz,CA,95064
685,84240 Delladonna Avenue,Corona,CA,92878
686,3434 Gateway Center,Washington,DC,20397
687,9 Helena Alley,Denver,CO,80223
688,4 Clarendon Hill,Roanoke,VA,24024
689,7 Doe Crossing Road,Los Angeles,CA,90035
690,31313 Fulton Drive,Brockton,MA,02405
691,9 Hermina Avenue,Springfield,MA,01105
692,0 2nd Alley,Jackson,MS,39296
693,91 Fairview Drive,Washington,DC,20205
694,1 Del Sol Drive,Charlotte,NC,28205
695,70928 North Pass,Las Vegas,NV,89160
696,027 Dottie Plaza,Winston Salem,NC,27150
697,4 Derek Avenue,Lincoln,NE,68583
698,85 Petterle Lane,Mobile,AL,36622
699,8109 Steensland Road,Saint Paul,MN,55127
700,6 Huxley Circle,Lake Charles,LA,70607
701,385 Cordelia Parkway,Montgomery,AL,36134
702,29595 Autumn Leaf Crossing,Fresno,CA,93773
703,1629 Vera Place,Aurora,CO,80045
704,0394 Becker Terrace,Macon,GA,31205
705,772 Sundown Court,New Orleans,LA,70187
706,1 Summerview Parkway,Fort Worth,TX,76162
707,17 Duke Crossing,Cleveland,OH,44185
708,709 Oak Circle,Cincinnati,OH,45296
709,8 2nd Trail,Vancouver,WA,98664
710,39970 Union Terrace,Salt Lake City,UT,84170
711,383 Twin Pines Drive,Richmond,VA,23203
712,474 Sheridan Point,Dallas,TX,75246
713,84 Coleman Center,Hot Springs National Park,AR,71914
714,3 Sauthoff Circle,Jacksonville,FL,32220
715,0 International Trail,White Plains,NY,10606
716,87672 Scofield Junction,Greensboro,NC,27404
717,5207 Stone Corner Point,Arvada,CO,80005
718,0574 Schiller Road,Colorado Springs,CO,80951
719,302 Prentice Drive,Indianapolis,IN,46239
720,833 Anhalt Junction,Portland,OR,97232
721,3361 5th Pass,San Antonio,TX,78220
722,8 New Castle Crossing,Tulsa,OK,74184
723,65 Mosinee Court,Green Bay,WI,54313
724,43239 Lake View Plaza,Houston,TX,77245
725,147 Esch Crossing,Billings,MT,59112
726,5247 High Crossing Drive,Corpus Christi,TX,78410
727,80526 Shasta Road,North Hollywood,CA,91616
728,620 Merchant Crossing,Saint Paul,MN,55114
729,624 Donald Circle,Oklahoma City,OK,73147
730,6 Paget Plaza,Pittsburgh,PA,15230
731,1 Hanson Way,Lexington,KY,40581
732,573 Hintze Center,Fort Wayne,IN,46825
733,6 1st Alley,Oakland,CA,94605
734,215 Crescent Oaks Terrace,Stamford,CT,06912
735,3727 Waywood Trail,Topeka,KS,66606
736,7 Lyons Point,Naples,FL,34108
737,5403 Hanover Street,Mobile,AL,36616
738,86 Farragut Park,Albany,NY,12227
739,0 Brown Center,Milwaukee,WI,53263
740,2310 Luster Park,Anchorage,AK,99522
741,9 Dennis Hill,Fort Worth,TX,76198
742,18314 Orin Place,Charleston,WV,25326
743,2 Carberry Pass,Salt Lake City,UT,84120
744,67 Acker Road,Louisville,KY,40293
745,548 Scofield Avenue,Kansas City,MO,64153
746,605 Marcy Street,Richmond,VA,23237
747,50 2nd Hill,Savannah,GA,31416
748,670 Gulseth Street,Chandler,AZ,85246
749,4778 Ohio Road,Newton,MA,02162
750,4 Derek Alley,Orlando,FL,32868
751,14377 Trailsway Crossing,Pasadena,CA,91199
752,156 Rutledge Crossing,Hartford,CT,06140
753,1 Lotheville Avenue,Metairie,LA,70005
754,87846 Gateway Trail,Norfolk,VA,23520
755,97 Susan Road,Tacoma,WA,98447
756,0 Kropf Alley,Saint Louis,MO,63110
757,476 Carberry Drive,Albany,NY,12222
758,63916 Dwight Lane,Fargo,ND,58106
759,55493 Mockingbird Crossing,Austin,TX,78715
760,712 Artisan Way,Washington,DC,20456
761,5398 Fuller Circle,Austin,TX,78703
762,1 Lindbergh Parkway,Reston,VA,20195
763,8 Lillian Point,Palmdale,CA,93591
764,2 Meadow Vale Circle,Little Rock,AR,72222
765,13 Everett Road,Tyler,TX,75710
766,212 Elka Road,Lexington,KY,40581
767,788 Sutteridge Circle,Albuquerque,NM,87195
768,7 Badeau Avenue,Stockton,CA,95219
769,1195 Carberry Alley,El Paso,TX,79999
770,09854 Park Meadow Crossing,Bismarck,ND,58505
771,85 Delladonna Avenue,San Bernardino,CA,92405
772,6 Norway Maple Court,Wichita,KS,67230
773,7581 Bartillon Parkway,Sioux Falls,SD,57193
774,40 Alpine Plaza,Scranton,PA,18505
775,5 Bayside Alley,Crawfordsville,IN,47937
776,5898 1st Plaza,Erie,PA,16550
777,4 Comanche Hill,Rochester,NY,14604
778,657 Fieldstone Parkway,Winston Salem,NC,27157
779,4712 Rigney Park,Providence,RI,02912
780,55674 Westridge Place,Sacramento,CA,95818
781,12090 Springview Pass,Ocala,FL,34474
782,7374 West Circle,Omaha,NE,68144
783,1 Lien Park,Miami,FL,33164
784,104 Towne Pass,Washington,DC,20310
785,20554 Pond Place,Florence,SC,29505
786,20495 Fairview Park,Reno,NV,89595
787,5 Aberg Road,Long Beach,CA,90831
788,1171 Hanson Parkway,Burbank,CA,91505
789,76208 Northfield Alley,Memphis,TN,38161
790,8098 Harbort Circle,Fredericksburg,VA,22405
791,426 Forster Point,San Jose,CA,95113
792,7 Nobel Terrace,Florence,SC,29505
793,2 Gale Street,Baton Rouge,LA,70810
794,22 Spohn Point,Mobile,AL,36641
795,03 Messerschmidt Plaza,Virginia Beach,VA,23471
796,1 Oak Valley Center,Cleveland,OH,44185
797,67 Nova Street,Austin,TX,78764
798,58 Dottie Avenue,Hartford,CT,06120
799,425 Basil Crossing,Longview,TX,75605
800,10 Gateway Alley,Las Vegas,NV,89110
801,705 Leroy Circle,Kissimmee,FL,34745
802,295 Rigney Street,Los Angeles,CA,90030
803,0687 Surrey Road,Wilmington,DE,19886
804,7148 Bultman Court,Phoenix,AZ,85005
805,29 Londonderry Junction,Worcester,MA,01605
806,7 Del Sol Lane,Portland,ME,04109
807,90743 Tennessee Place,Fairfield,CT,06825
808,51 Oak Lane,Spokane,WA,99210
809,76 Talisman Court,Las Vegas,NV,89178
810,7 Fieldstone Alley,Lexington,KY,40576
811,210 Hanson Park,Scottsdale,AZ,85260
812,11 Forest Plaza,Chattanooga,TN,37410
813,89713 Park Meadow Center,Atlanta,GA,30358
814,66 Rusk Alley,Newark,NJ,07104
815,697 Sunbrook Center,Washington,DC,20370
816,26 Texas Alley,Los Angeles,CA,90087
817,5275 Fuller Pass,Davenport,IA,52804
818,3 Heath Pass,Virginia Beach,VA,23454
819,4533 Ridgeview Alley,Arlington,VA,22244
820,3 Melrose Circle,Hartford,CT,06152
821,94 Green Pass,Lima,OH,45807
822,42 Moulton Alley,Anchorage,AK,99517
823,3897 Fairview Pass,Columbus,OH,43215
824,307 2nd Junction,Tulsa,OK,74141
825,95681 Fairfield Trail,Washington,DC,20260
826,8 Fallview Trail,Greensboro,NC,27415
827,8438 2nd Junction,Washington,DC,20057
828,02 Maywood Trail,New York City,NY,10155
829,3 Porter Point,Albany,NY,12237
830,82 Spenser Crossing,Austin,TX,78764
831,604 Springview Avenue,Macon,GA,31296
832,24144 Heffernan Circle,Amarillo,TX,79176
833,10874 Fallview Hill,Lexington,KY,40596
834,95 Killdeer Place,Jacksonville,FL,32225
835,10958 Farmco Trail,Shreveport,LA,71166
836,0 Fulton Alley,Shreveport,LA,71130
837,9278 Pond Alley,Austin,TX,78759
838,58701 Dahle Road,Tampa,FL,33661
839,171 Melby Alley,Kansas City,MO,64199
840,9 Maywood Point,Lafayette,LA,70593
841,9 Packers Park,Saint Louis,MO,63131
842,2666 Service Way,Santa Ana,CA,92705
843,927 Jay Road,Humble,TX,77346
844,0952 Pleasure Drive,Valdosta,GA,31605
845,800 Loftsgordon Avenue,Great Neck,NY,11024
846,91747 Bunker Hill Crossing,New York City,NY,10024
847,0683 Oak Parkway,Amarillo,TX,79118
848,39491 Basil Court,Kansas City,MO,64153
849,739 Longview Junction,Oklahoma City,OK,73114
850,0175 Monica Parkway,Roanoke,VA,24048
851,44 Holy Cross Trail,Montgomery,AL,36177
852,328 Lakewood Court,Camden,NJ,08104
853,00215 Acker Terrace,Philadelphia,PA,19136
854,349 Village Trail,Montgomery,AL,36134
855,374 Bay Drive,Las Vegas,NV,89160
856,9 Chive Alley,San Francisco,CA,94164
857,24634 Moulton Park,Tampa,FL,33647
858,8093 Knutson Court,North Hollywood,CA,91616
859,42 Union Hill,Marietta,GA,30066
860,323 Magdeline Lane,Indianapolis,IN,46247
861,7 Sherman Point,Littleton,CO,80126
862,510 Mallory Pass,Pensacola,FL,32575
863,5876 Steensland Avenue,Fort Lauderdale,FL,33345
864,33975 Sachtjen Road,Saint Joseph,MO,64504
865,9 Vermont Trail,Des Moines,IA,50369
866,170 Eliot Crossing,Little Rock,AR,72204
867,8958 Anzinger Court,Richmond,VA,23228
868,509 Hermina Pass,Oklahoma City,OK,73197
869,1389 Everett Drive,Redwood City,CA,94064
870,562 Manley Parkway,Springfield,MA,01129
871,892 School Alley,Philadelphia,PA,19125
872,4044 Kipling Park,Santa Cruz,CA,95064
873,8415 Lien Park,Jacksonville,FL,32215
874,1 Harbort Road,Henderson,NV,89074
875,7240 Lukken Way,Houston,TX,77045
876,45 Donald Circle,Saint Petersburg,FL,33710
877,22 Sunfield Street,Alexandria,VA,22313
878,93 Talisman Parkway,El Paso,TX,79994
879,63 Moulton Way,Washington,DC,20041
880,11283 High Crossing Alley,Milwaukee,WI,53210
881,22 Cottonwood Way,Buffalo,NY,14233
882,577 Westridge Center,Honolulu,HI,96810
883,0479 Crescent Oaks Place,Lexington,KY,40596
884,2977 Gulseth Crossing,Fort Myers,FL,33994
885,3 Chive Point,Chicago,IL,60691
886,74535 Atwood Point,Detroit,MI,48295
887,69046 Atwood Hill,Saint Petersburg,FL,33710
888,436 Eliot Way,Lexington,KY,40515
889,0 Esker Parkway,Tucson,AZ,85705
890,521 Delaware Place,Kansas City,MO,64160
891,2 Wayridge Point,Milwaukee,WI,53220
892,22 Oakridge Park,Arlington,VA,22212
893,89215 Autumn Leaf Circle,Alexandria,LA,71307
894,9986 Waywood Point,Lafayette,LA,70593
895,76 Knutson Park,Tucson,AZ,85710
896,8 Darwin Pass,Miami,FL,33233
897,0 Delaware Terrace,Indianapolis,IN,46295
898,8 Sommers Center,Tacoma,WA,98481
899,4 Northwestern Avenue,Erie,PA,16505
900,63 Dunning Pass,Washington,DC,20591
901,8837 Orin Place,New Bedford,MA,02745
902,55806 Bultman Road,Albuquerque,NM,87105
903,90 Havey Trail,Huntington,WV,25705
904,534 Memorial Drive,Pinellas Park,FL,34665
905,7896 Victoria Junction,Fort Lauderdale,FL,33345
906,23650 Glacier Hill Road,Las Cruces,NM,88006
907,68713 Dahle Lane,Grand Junction,CO,81505
908,51 Sage Junction,Kansas City,MO,64153
909,8 Bartillon Parkway,Fort Lauderdale,FL,33355
910,35 Northland Parkway,Silver Spring,MD,20904
911,463 Hallows Street,Palo Alto,CA,94302
912,12 Lawn Avenue,Memphis,TN,38114
913,35 Monica Avenue,Kansas City,KS,66160
914,508 Briar Crest Crossing,Sioux Falls,SD,57198
915,8175 Marcy Junction,Lexington,KY,40591
916,53 Jenifer Way,San Francisco,CA,94142
917,40154 Nova Park,Inglewood,CA,90398
918,239 Blackbird Circle,Brooklyn,NY,11210
919,764 Kenwood Point,Visalia,CA,93291
920,8 Menomonie Court,Kansas City,MO,64199
921,5 Russell Circle,Saint Louis,MO,63136
922,79899 Hudson Center,Austin,TX,78759
923,862 Carey Crossing,Naples,FL,34102
924,405 Hanover Point,Fort Lauderdale,FL,33345
925,08 Nova Junction,New York City,NY,10090
926,71964 Duke Center,New York City,NY,10009
927,25 Lighthouse Bay Park,Evansville,IN,47712
928,702 Briar Crest Point,Littleton,CO,80127
929,60037 Schmedeman Alley,Springfield,MO,65810
930,9 Northridge Terrace,Fresno,CA,93740
931,97 Kingsford Hill,El Paso,TX,88553
932,1 Blaine Plaza,Odessa,TX,79769
933,45 Larry Parkway,Modesto,CA,95354
934,00272 Hayes Trail,Washington,DC,20370
935,33 Nancy Parkway,Nashville,TN,37240
936,62 Melvin Road,Louisville,KY,40256
937,05788 Mcbride Trail,Kansas City,MO,64101
938,8691 Southridge Street,Mobile,AL,36610
939,4 Sugar Crossing,Atlanta,GA,31190
940,74970 Chive Road,Duluth,MN,55805
941,2460 Amoth Terrace,Washington,DC,20016
942,35 Coolidge Junction,San Rafael,CA,94913
943,7 Merchant Lane,Washington,DC,20022
944,6 Del Mar Trail,Salt Lake City,UT,84110
945,45832 Monica Place,Wilmington,DE,19897
946,4 Armistice Way,Omaha,NE,68105
947,5571 Becker Street,Pensacola,FL,32520
948,47971 Stoughton Circle,Everett,WA,98206
949,7843 Judy Pass,Washington,DC,20073
950,66 Westridge Trail,San Bernardino,CA,92405
951,60 Shopko Way,Washington,DC,20580
952,65 Melrose Drive,Seattle,WA,98185
953,3493 Oneill Park,Kansas City,MO,64144
954,0473 Mendota Plaza,Cumming,GA,30130
955,0 Thompson Terrace,Philadelphia,PA,19120
956,890 Fairfield Court,Huntington,WV,25770
957,6888 Bluestem Alley,San Diego,CA,92145
958,58 Sutteridge Terrace,Salinas,CA,93907
959,0104 Hallows Lane,Denver,CO,80262
960,5758 Fulton Center,Arvada,CO,80005
961,47990 Lyons Center,Marietta,GA,30066
962,71493 Spenser Place,Las Vegas,NV,89140
963,38 Acker Trail,Santa Barbara,CA,93150
964,38 Maryland Pass,Naples,FL,33961
965,071 Banding Way,Jackson,MS,39296
966,452 Jackson Place,Los Angeles,CA,90065
967,41 Clemons Road,Toledo,OH,43610
968,70278 School Pass,Albuquerque,NM,87195
969,0 Lighthouse Bay Circle,Fort Lauderdale,FL,33310
970,65 Parkside Crossing,New Orleans,LA,70116
971,6 Wayridge Pass,Minneapolis,MN,55487
972,9401 Fallview Drive,Washington,DC,20310
973,65 Browning Terrace,San Jose,CA,95173
974,034 Old Gate Alley,San Francisco,CA,94126
975,0562 Stoughton Lane,Las Vegas,NV,89166
976,0845 Amoth Alley,Oklahoma City,OK,73157
977,6881 Transport Crossing,Chattanooga,TN,37416
978,535 Pankratz Drive,Saint Petersburg,FL,33710
979,59827 Swallow Street,Milwaukee,WI,53215
980,8 Texas Place,Chicago,IL,60657
981,039 Dakota Parkway,Portland,OR,97201
982,570 Michigan Plaza,Seminole,FL,34642
983,969 East Crossing,Memphis,TN,38131
984,13917 Namekagon Pass,Johnson City,TN,37605
985,3741 Scoville Street,Mobile,AL,36605
986,02682 Vernon Terrace,Baltimore,MD,21239
987,704 Oneill Pass,Fort Worth,TX,76192
988,7 Independence Lane,San Diego,CA,92127
989,50 Lotheville Terrace,Fort Lauderdale,FL,33305
990,548 Bonner Circle,Detroit,MI,48258
991,4 Johnson Trail,Glendale,CA,91205
992,9 Autumn Leaf Trail,Albany,NY,12227
993,314 Sunnyside Plaza,Delray Beach,FL,33448
994,6 East Trail,El Paso,TX,79923
995,1278 Mitchell Court,Jacksonville,FL,32236
996,72578 Graceland Trail,Moreno Valley,CA,92555
997,8661 Oakridge Hill,Laredo,TX,78044
998,79973 Roth Terrace,Greenville,SC,29605
999,6 Anderson Plaza,Springfield,MO,65898
1000,9 Texas Alley,Gastonia,NC,28055